{
  "gpa": 0.2216021145266099,
  "attendance_rate": 0.11174431190662702,
  "daily_study_hours": 0.0015698421483806824,
  "sleep_hours": 1.0606781882025386e-17,
  "stress_level": 0.006765034538354628,
  "mood_score": 0.07492030520933131,
  "streak_days": 0.0725274179737603,
  "sport_activity": 0.0019576197321091726,
  "social_activity": 0.0041116013365057845,
  "completed_tasks": 0.46637301539811155,
  "failed_tasks": 0.0384287372302097
}